标题,关键字
基于SpringBoot和Cesium的边坡声发射监测系统研究,"['SpringBoot', 'Cesium', '声发射', '边坡']"
基于大数据SpringBoot技术的全国传染病数据分析可视化平台,['nan']
基于SpringBoot的喵站宠物服务平台的设计与实现,"['SpringBoot', '宠物服务平台', 'MVC', 'MyBatis-Plus']"
国产化多终端业务协同办公系统的设计与实现,"['国产化', '多终端', '业务协同', 'SpringBoot', 'SNS', '工作流']"
高校医院门诊手术预约系统的设计与应用,"['高校医院', '信息技术', '门诊手术预约', 'SpringBoot', 'Vue 3']"
城市公交车道借行预约系统的设计,"['微信小程序', '预约', 'SpringBoot', '公交车专用道']"
一种SpringBoot基于嵌入式设备的辅助医疗App的设计与实现,"['医疗App', '嵌入式设备', '系统设计']"
基于SpringBoot的藏东南滑坡灾害管理系统设计与实现,"['SpringBoot', '藏东南', '滑坡灾害', '管理系统', '设计与实现']"
基于SpringBoot的三维数字化设备运维管理系统的设计与实现,"['SpringBoot', '场站类市政设施', '数字化运维', '设备管理']"
基于SpringBoot的校园二手交易系统研究,"['SpringBoot', '校园二手交易', '闲置物品']"
基于SpringBoot的高校实验室管理系统设计,"['实验室管理', 'Vue', 'SpringBoot', '设计思路']"
基于SpringBootThymeleafMySQL的动态表单功能模块设计与实现,"['SpringBoot', 'Thymeleaf', 'MySQL', '动态表', 'jdbcTemplate', '字段']"
基于SpringBoot的制丝车间工艺质量离线报表的设计,"['制丝车间', '工艺质量', '离线报表', 'SpringBoot', 'Luckysheet']"
基于SpringBoot的智慧养老系统设计,"['SpringBoot', '智慧养老', '服务管理', '集群部署', 'Java']"
基于Android平台的校园易书APP,"['校园易书APP', 'Android Studio', 'Springboot+Mybatis+Mysql', '二手书籍']"
基于SpringBoot的数据库接口设计,"['SpringBoot', '数据库接口', '前后端分离', '性能优化']"
一种高效的云平台运维巡检系统研究与实现,"['云平台', '巡检', '运维', 'Shell', 'SpringBoot']"
基于Vue和SpringBoot前后端分离的宠物服务系统的设计与实现,"['宠物服务', 'SpringBoot', 'MyBatis', 'Java', 'MySQL']"
基于SpringBoot生产大屏监控系统的设计与实现,"['SpringBoot', '监测系统', '生产大屏', 'JavaWeb']"
基于SpringBoot和百度地图的非天然地震事件处置平台的设计,"['非天然地震事件', '报告产出', '地图服务']"
基于天擎的沈阳智慧气象数据应用服务平台设计与应用,"['高德API', '智慧气象平台', '可视化', '气象服务']"
基于SpringBoot和Vue的校园积分系统的设计与实现,"['计算机系统', '大数据技术', 'Spring Boot', 'Vue', '校园积分']"
基于Vuejs框架的网上商城管理系统的设计与实现,"['网上商城管理系统', '耦合度', 'Vue.js', 'Springboot']"
基于北斗定位的警务车管家系统的设计与实现,"['物联网', '北斗定位', '百度API', 'SpringBoot', 'Netty']"
航空物流枢纽发展指数数据平台的设计与实现,"['航空物流', '物流枢纽', '数据平台', 'SpringBoot', 'Vue']"
基于神经网络词嵌入模型的单词联想记忆系统设计,"['词嵌入模型', '神经网络', '联想记忆', '单词学习', 'Spring Boot', 'VUE']"
基于SpringBoot的研究生学术档案管理系统开发,"['SpringBoot', 'MyBatis-Plus', '研究生学术档案', '档案管理系统']"
模拟信笺网站的设计与实现,"['模拟书信', '前后端分离', 'Vue框架', 'Java SpringBoot框架', 'MySQL数据库']"
基于互联网的爱心校园服务平台设计与实现,"['校园服务', '智慧校园', 'SpringBoot框架技术', 'MySQL数据库']"
基于云开发和微信小程序的爱宠家系统,"['微信小程序', '云开发', 'SpringBoot技术']"
基于Spring Boot的自动化测试控制系统,"['自动化测试控制', '工业控制软件', 'Spring Boot', '实践探究']"
基于SpringBoot和人脸识别的企业考勤管理系统设计与实现,"['SpringBoot框架', '深度学习', '人脸识别', '考勤管理']"
基于SpringBoot框架选购系统的设计与实现,"['智能统计', '按需选购', '效率']"
基于SpringBoot的物联网智能家居方案设计,"['智能家居', 'STC89C52单片机', '传感器', '物联网', 'SpringBoot']"
基于SpringBoot框架的营区手机管控平台设计与实现,"['SpringBoot', '虚拟基站', '营区智能手机管理']"
基于SpringBoot和Vue的应收账款融资系统的设计与实现,"['应收账款融资', '保理公司', '卖方', '借款', '还款', '利息']"
基于SpringBoot框架的即时通信系统开发,"['SpringBoot框架', '即时通信系统', 'Java语言']"
基于SpringBoot的闲置资产盘活系统研究与实现,"['SpringBoot', '管理系统', '盘活资产', 'Web开发']"
基于区块链与SpringBoot的网页防篡改系统设计,"['区块链', '防篡改', 'SpringBoot', 'MySQL数据库', 'Bootstrap']"
基于DMR标准的警用数字集群管理系统的设计与实现,"['数字移动无线', 'Web技术', '调度系统', 'WebGIS', 'SpringBoot']"
基于SpringBoot的微服务体系在企业信息管理系统中的应用,"['SpringBoot', '微服务体系', '企业信息管理系统']"
校企合作背景下的企业兼职教师管理平台的设计与实现,"['企业兼职教师', 'SpringBoot', 'SSM']"
SpringBoot在教学效果评估系统中的应用,"['计算机系统', 'Spring Boot', '评估系统']"
基于Vue和SpringBoot的C语言程序在线测评系统的设计与实现,"['在线测评系统', 'Vue', 'SpringBoot', '脚本', '文件流']"
在线笔记与交流平台设计与实现,"['SpringBoot', 'Vue', '在线笔记', '交流平台']"
基于SpringBootVue的BOM表智能生成系统设计与实现,"['BOM表智能生成', '离线数据管理', 'SpringBoot框架', 'Vue框架']"
住房公积金综合服务平台的设计与研究,"['公积金', '信息化', 'SpringBoot']"
基于SpringBootVue的医学科研数据管理平台的设计与实现,"['SpringBoot', 'Vue', '医学科研数据', '数据管理']"
基于微服务架构的电商微信小程序的设计与实现,"['推荐算法', '微服务', '微信小程序', 'springBoot框架', 'springCloud框架']"
关于影院智慧化管理的物联网设计,"['虚假票房', '物联网', '单片机', '传感器网络', 'SpringBoot', 'Hadoop']"
医院医疗设备维修管理系统的设计,"['医疗设备维修', 'B/S架构', 'Springboot', 'Mysql']"
基于Vue和SpringBoot的乡村文旅平台设计与实现,"['乡村文旅', '乡村振兴', 'Vue', 'SpringBoot', '二维码']"
基于SpringBoot的国有企业固定资产信息管理系统的设计与实现,"['固定资产管理系统', 'SpringBoot', '二维码', '情感分析', 'BERT']"
一种图标管理方法的设计与实现,"['图标', 'Vue', 'Element UI', 'SpringBoot', 'MySQL']"
基于SpringBoot远程热部署的探索和应用,"['远程热部署', 'SpringBoot', 'Java']"
基于SpringBootVue技术的学科竞赛管理系统的设计与实现,"['SpringBoot', 'Vue', '学科竞赛系统']"
母猪群养饲喂站智能监控及精细化管理系统设计,"['母猪饲喂站', '智能监控', '精细饲喂', 'SpringBoot', 'Netty']"
生产原料仓库管理系统的设计与实现,"['仓库管理系统', 'SpringBoot', '权限控制', '流程审批']"
基于SpringBoot的Web前端与数据库的接口设计,"['springboot', 'vue', '数据可视化', 'Web前端', '数据库']"
基于SpringBoot的运载火箭信息交互指挥平台,"['新一代运载火箭', '通用化', '数据监测', '跨平台']"
基于SpringBoot的粮食加工订单综合管理系统设计研究,"['SpringBoot', '粮食加工', '管理系统', '系统设计']"
基于双向特征融合EfficientDet目标检测系统的研究与实现,"['目标检测', 'R-CNN', 'EfiicientDet', 'BiFPN', 'SpringBoot', 'Vue']"
基于SpringBoot的云主机资源采集与可视化系统设计,"['云主机', '数据可视化', 'SpringBoot技术', '硬件资源', '云平台']"
基于SpringBootPF4JShiro的发票管理系统设计与实现,"['发票', 'SpringBoot框架', 'PF4J框架', 'Shiro框架']"
基于移动互联网技术的实验室资产管理系统,"['资产管理系统', '动态管理', 'Vue', 'SpringBoot', '微信小程序']"
基于SpringBoot框架的群养母猪饲喂站管理系统设计与试验,"['母猪群体养殖', 'SpringBoot', 'Netty', '专家系统']"
基于neo4j的课程知识图谱系统设计,"['知识图谱', 'neo4j', 'VUE', 'G6', 'SpringBoot']"
基于视障人士的友好获取资讯系统的设计与实现,"['SpringBoot', '微信小程序', '协同过滤算法', '手势控制']"
基于Vue和SpringBoot架构的智能推荐农产品团购销售系统,"['Vue', 'Spring Boot', '农产品电商', '团购', '推荐算法']"
SpringBoot在线学习系统的开发,"['SpringBoot', '在线学习', '学习系统']"
面向生产过程的异烟酸收率预测系统设计与实现,"['异烟酸', '灰狼优化算法', 'GWO-BP', '随机森林重要度', 'SpringBoot', 'Vue', '预测系统']"
基于SpringBoot的在线学习系统与用户画像构建,"['在线学习', '数据可视化', 'SpringBoot', 'Vue']"
我的排课表微信小程序的设计与实现,"['教师排课', '微信小程序', '前后端分离']"
基于大数据技术的数据分析处理平台设计与实现,"['大数据', '数据分析', 'Scrapy', 'Hive', 'HDFS', 'Sqoop', 'Springboot', 'Vule', '中国蔬菜网']"
基于SpringCloud的微服务山羊孕测管理系统设计与实现,"['SpringCloud微服务', 'SpringBoot框架', '山羊孕测']"
基于微信小程序的医院医疗设备管理系统设计与实现,"['医疗设备管理', '医院信息系统', '微信小程序', '医院管理']"
基于SpringBoot框架的钻前管理系统的设计与实现,"['钻前管理', 'SpringBoot', '系统设计']"
基于学生画像的学生评价系统设计与实现,"['K-means算法', 'SpringBoot', '学生画像', '评价系统']"
基于SpringBoot的自动化车座安排系统,"['Spring Boot', '自动化排车系统', 'Web']"
基于SpringBootMybatisVue的学生德育量化考核系统设计与实现,"['德育量化考核', '前后端分离技术', 'Spring Boot', 'Vue', 'MySQL']"
多端融合的医疗健康平台设计与实现,"['预约挂号', '健康服务', 'SpringBoot', '微信小程序']"
基于SpringBootVue前后端分离的高校实验室预约管理系统的设计与实现,"['预约', '信息化', '前后端分离', 'SpringBoot']"
基于SpringBoot的需求发布平台设计,"['需求发布平台', '信息传递', 'SpringBoot框架']"
一种基于SpringBoot的影视内容推荐系统的设计与实现,"['大数据', '影视推荐', 'SpringBoot']"
基于Docker容器技术的SpringWeb部署研究,"['Docker', '容器技术', 'SpringBoot']"
新冠疫情下社区人员管理系统的设计与实现,"['新冠疫情', 'Vue', 'SpringBoot', '前后端分离', '社区管理']"
基于uniapp的场馆预约微信小程序的设计与开发,"['微信小程序', '场馆预约', 'SpringBoot', 'uni-app']"
基于SpringBoot和Vue的社区服务平台设计与实现,"['网络服务平台系统', 'SpingBoot', 'MySQL数据库']"
基于Spring BootVue的炉况评价系统的设计与实现,"['Spring Boot', 'Vue', 'Element-ui', 'MyBatis']"
中医护理技能OSCE考核管理系统的设计与实现,"['无纸化考核', '中医护理技能考核', '客观结构化临床技能考试', 'SpringBoot', '信息管理']"
基于Web的实验室预约系统设计与实现,"['实验室预约系统', '前后端分离', 'Java', 'SpringBoot', 'Layui']"
基于SpringBoot的立案登记系统研究,"['SpringBoot', '立案登记', '系统设计', '系统实现']"
老年认知障碍多维度评估系统,"['多维度评估', 'FastDFS分布式文件系统', '树型结构', '联合查询', '并发量测试', 'SpringBoot']"
化工园区VOCs事故风险监测预警系统,"['SpringBoot', '数据可视化', '评估预警', '监测预警']"
辽河流域污染物输入与响应分析可视化系统,"['水环境管理系统', '可视化模拟', '污染物输入与水质响应', 'SpringBoot']"
青少年心理问题测评跟踪系统,"['青少年心理', 'SpringBoot框架', 'MySQL数据库', '测评跟踪']"
基于统一编码的轨道交通资产管理系统设计与实现,"['资产管理', 'SpringBoot框架', '编码体系', '轨道交通']"
国家能源集团铁路车辆调度系统研究,"['国家能源集团', '铁路调度系统', '车辆调度', '车统报告', 'SpringBoot', 'RabbitMQ']"
国家能源集团铁路调度系统在新朔铁路公司的应用,"['新朔铁路公司', '综合调度', '调度系统', 'SpringBoot', '微服务']"
基于Spring Boot的矿产品智能追溯系统设计与实现,"['SpringBoot', '卷积神经网络', '数据挖掘', '激光诱导击穿光谱', '矿产品追溯']"
基于Spring Boot的矿产品智能追溯系统设计与实现,"['SpringBoot', '卷积神经网络', '数据挖掘', '激光诱导击穿光谱', '矿产品追溯']"
华师大校园短视频App的设计与实现,"['短视频应用', '混合应用开发', 'ReactNative', 'SpringBoot', '持续集成与持续部署']"
基于深度学习的廉航客运需求预测系统的设计与实现,"['廉价航空', '需求预测', '旅客画像', '注意力机制', '神经网络']"
基于SpringBoot的社区防控管理系统的设计与实现,"['社区管理', '疫情防控', '智能信息系统']"
互联网背景下基于BS的云教育系统设计,"['“云教育”', '“互联网+”', '智慧教育', 'Spring Boot框架', 'B/S架构']"
基于SpringCloud微服务的医疗耗材管理系统设计与实现,"['医用耗材', '信息管理系统', 'SpringCloud微服务系统', 'SpringBoot框架']"
思政云小程序的设计与实现,"['前后端分离', 'SpringBoot后端开发', 'Vue前端开发', '课堂思政系统']"
基于物联网技术的血液透析患者营养及水分管理系统设计,"['物联网', '维持性血液透析', '智能采集终端', 'SpringBoot']"
基于SpringBoot的微电子平台设计与实现,"['微电子', 'SpringBoot', 'LayUI']"
基于Vue的义务支教城镇村中小学教育网站,"['城镇村', '支教', 'SpringBoot', 'Vue']"
基于SpringbootJavaFX的口令管理器的设计,"['口令管理', 'PBKDF2', 'JavaFX', 'Springboot']"
企业网盘系统设计与实现,"['企业网盘', '文件管理', 'FTP', 'SpringBoot', 'MyBatis', 'VUE']"
国粹文化宣传平台的设计与实现,"['国粹文化', '宣传平台', 'SpringBoot技术', 'Vue技术']"
基于SpringBoot的地方精准扶贫管理系统,"['Thymeleaf', 'SpringBoot', 'Spring', 'MyBatis', '精准扶贫', '地方扶贫']"
基于Vuejs的高校档案管理系统,"['SpringBoot', 'Java EE', '档案管理', '系统设计']"
基于小程序的Java融合课程平台的体系建设,"['Java课程', '融合', '小程序', 'SpringBoot']"
基于SpringBootVueUniapp框架的校园失物招领系统,"['SpringBoot', 'Vue', 'Uni-app', 'MySQL数据库', '系统设计']"
基于个性化推荐的课程思政资源库设计,"['个性化推荐', 'Java web开发技术', '协同过滤算法']"
师资共享服务平台的设计与实现,"['师资共享', 'SpringBoot', 'Vue', '深度学习', '推荐系统']"
企业线上培训系统的设计与实现,"['企业培训', 'SpringBoot', '自动组卷']"
微前端视角下的会议系统设计与实现,"['微前端', 'Vue', 'SpringBoot', '会议系统']"
基于深度学习的园林植物病虫害智能识别系统,"['深度学习', '病虫害识别', '园林植物', '病虫害数据库', 'SpringBoot']"
大数据在英语成绩可视化中的应用,"['大数据', '数据挖掘', '设计与构件']"
高校机械项目协作管理系统设计与实现,"['机械项目协作管理', 'SpringBoot', 'React', 'MongoDB', '信息化']"
基于SpringBootVue的好农物商城的设计与实现,"['农产品商城', 'SpringBoot', 'Vue', 'Mybatis-plus', 'MySQL数据库']"
基于SpringBoot的在线协同办公系统设计与实现,"['SpringBoot', '在线协同办公', '微信小程序', '人脸识别', '管理系统']"
基于游戏化思维的少儿编程微信小游戏的研究与开发,"['游戏化思维', 'Springboot', '微信小游戏', '编程思维']"
基于SpringBootEasyUI的线缆管理系统研究与实现,"['SpringBoot', 'EasyUI', '线缆管理']"
面向慢性病患者的智能家居药盒的设计与实现,"['智能家居药盒', '微信小程序', 'Springboot', 'MySQL数据库']"
基于SpringBoot的在线教育系统研发及应用实践,"['SpringBoot', '在线教育', '主动学习', '教学模式']"
基于SpringBoot学生实训管理系统的设计与实现,"['SpringBoot', '实训管理', '实习就业']"
乳酸菌抗菌肽数据库的研究与开发,"['乳酸菌抗菌肽', '数据库', 'SpringBoot', 'Vue']"
粤西农村电商平台设计与实现,"['粤西', '农村电商', 'SpringBoot']"
基于SpringBoot和Vue的多功能时间管理系统的设计与实现,"['时间管理', '机器学习', 'Sklearn', '前后端分离', 'Spring Boot', 'Vue']"
基于Spring Boot框架和Android的会议管理系统设计与实现,"['SpringBoot', 'Android', '会议管理', '签到']"
基于SpringBootVue实现智慧化工地之动火证审批系统,"['智慧化工地', '动火作业', 'SpringBoot框架', 'Vue框架']"
儿童体测数据分析系统的设计与开发,"['SpringBoot', 'LayUI', 'B/S架构', '儿童体测', '数据分析']"
基于BS架构酒店对公业务系统的设计与实现,"['酒店管理', 'SpringBoot', 'B/S', '公务预定', '可视化']"
大麦种质资源数据库系统的设计与实现,"['种质资源', 'DNA指纹图谱', 'SpringBoot', 'Vue.js']"
基于SpringBoot和Vue的友为交流社区的设计与实现,"['SpringBoot', '交流社区', '专业性', '标签', '性能']"
基于SpringBoot和Vue的友为交流社区的设计与实现,"['SpringBoot', '交流社区', '专业性', '标签', '性能']"
基于嵌入式与SpringBoot技术的生理参数监测系统的软件设计与实现,"['生理参数', '嵌入式', '人脸识别', 'SpringBoot', 'Qt软件设计']"
基于微服务架构的高并发电商系统设计与实现,"['电子商城', '微服务架构', '分布式锁', 'SpringBoot', 'SpringCloud', 'Redis']"
基于区块链的博物馆数据溯源系统的设计与实现,"['区块链', '超级账本', '藏品溯源', 'SpringBoot', 'Vue', '双模存储方式']"
基于SpringBoot的电商秒杀系统的设计与实现,"['SpringBoot框架', '高并发', 'Redis', '多级缓存']"
基于模型融合的电机远程监测与诊断系统研究,"['远程监测', '故障诊断', '模型融合', 'SpringBoot', 'Android']"
基于web的盾构施工信息管理系统开发,"['盾构施工', '信息管理系统', '风险管理', 'SpringBoot', 'Vue']"
智能核酸检测信息管理平台的设计与实现,"['互联网+医疗健康', '核酸检测系统', 'Springboot']"
化疗科病情关怀系统的设计与实现,"['互联网+医疗', '医疗信息化', 'SpringBoot', '微信小程序']"
面向大规模定制生产模式的全流程可视监管系统设计与实现,"['大规模定制', '可视化', '监管系统', 'SpringBoot']"
地质勘查数据采集系统的设计与实现,"['地质勘查', '数据采集', '质量监管', 'SSM框架', 'SpringBoot']"
基于uniappSpringBoot的移动智能办公系统设计与实现,"['办公系统', '微信平台', 'uni-app框架', 'SpringBoot框架', 'Shiro和JWT技术']"
云通信中消息交互系统的设计与实现,"['云通信', '消息交互', '服务端', '终端', 'SIP']"
基于SpringBoot的民主测评系统的设计与实现,"['国有企业', '民主测评', '考核', 'B/S架构']"
基于微服务SpringBoot的干部综合管理平台的设计与实现,"['管理系统', '微服务', 'Spring Boot', '干部信息', '权限管理']"
水土保持监测平台业务信息子系统的设计与实现,"['水土保持监测', '信息管理系统', 'SpringBoot', 'Vue.js']"
基于SpringBoot的星级党员考评系统,"['SpringBoot框架', 'vue', '党员考评', '分析报告']"
基于SpringBoot的高校教材管理系统的设计与实现,"['教材管理', '系统设计', 'SpringBoot']"
基于SpringBoot的分布式市政运维分析平台,"['分布开发', '市政大数据', 'SpringBoot', '数据分析']"
施工安全数字化管控平台的设计与实现,"['施工安全', '施工安全LCB理论', '目标检测', '安全帽佩戴检测']"
面向图像检测自适应推断方法系统设计与实现,"['图像识别', '深度学习', 'Pytorch', 'SpringBoot', '自适应模型']"
基于SpringBoot的肉类品质管理系统的设计与实现,"['SpringBoot', '肉类品质', '实时系统', 'MySQL', '智能检测']"
基于SpringBoot的汽车维修企业智能化管理系统的设计与实现,"['信息化', 'SpringBoot', '汽车服务', '车流量预测']"
在线陪伴学习系统的设计与实现,"['在线陪伴学习', '直播间', '线上自习室', '协同过滤算法', 'SpringBoot']"
基于Android系统的青少年AI骨龄评估系统开发,"['骨龄评估', 'Android', 'Springboot框架', '系统开发']"
面向小学数学教学的导学素材检索系统设计与实现,"['知识图谱', 'Neo4j图数据库', '导学素材', '文本检索', '系统设计与实现']"
农村污水处理的管控一体化系统设计及应用,"['管控一体化', '污水处理', '农村污水', 'MySQL', 'SpringBoot', 'S7-300 PLC']"
一种高效可靠的安全管理机制的实现方法,"['安全管理机制', '权限管理', 'Shiro', 'JWT']"
基于物联网的医疗设备综合管理系统设计与实现,"['医疗设备', '物联网', 'kafka分布式集群', 'SpringBoot框架', '综合管理']"
基于SpringBoot的场车定员定位云服务管理系统设计与开发,"['场车', '定员定位', 'SpringBoot框架', 'Vue框架']"
基于SaaS模式的人力资源管理系统开发,"['SaaS模式', '人力资源管理', 'SpringBoot框架', '微服务']"
基于ModbusTCP协议的电力数据监测与分析系统的设计与实现,"['Modbus/TCP', '实时监测', '二级索引', '统计分析', 'SpringBoot']"
基于SpringBoot和Vue框架的创新方法推理系统的设计与实现,"['TRIZ理论', '文本语义匹配', 'ESIM', '数据动态交互', 'SpringBoot', 'Vue']"
基于TkinterSpringBoot的云票务平台检测系统研究,"['云票务平台', 'Tkinter', 'SpringBoot框架', '前后端分离', '系统检测']"
代领快递抢单微信小程序运用分析,"['校园快递', '快递代取', '微信小程序', 'SpringBoot']"
基于SpringBootVue新冠疫苗接种全过程管理系统,"['新冠疫苗接种', '全过程管理', 'SpringBoot框架', 'Vue框架']"
基于SpringBoot的垃圾分类科普及课程平台,"['垃圾分类', '科普', 'SpringBoot', '课程']"
基于图像识别的智慧餐饮管理系统,"['智慧餐饮管理系统', '计算机视觉', '推荐系统', 'SpringBoot']"
基于物联网平台的数据可视化系统设计与实现,"['可视化系统', '电梯物联网', 'SpringBoot', 'Vuejs']"
基于SpringBootMybatis的驾校预约系统设计与实现,"['驾校练车预约系统', 'Java Web技术', 'SpringBoot框架', 'Mybatis框架']"
基于SpringBoot框架的智慧医疗问诊系统设计与实现,"['智慧医疗', '信息化', '问诊系统']"
基于知识图谱的肿瘤决策支持系统设计与实现,"['知识图谱', '肿瘤疾病诊断', '决策支持系统', '自然语言处理']"
基于Springboot微信小程序用户管理系统设计,"['微信小程序', '腾讯云', 'Springboot', 'Web服务器', '用户管理']"
基于UML的知识分享系统设计与实现,"['面向对象系统设计', 'Springboot', '知识分享', 'UML建模']"
ALearning基于多端一体化架构的企业培训系统设计与实现,"['在线教育', '在线考试', 'MVC', 'SpringBoot']"
装备仓库管理系统的设计与实现,"['仓库管理系统', 'SpringBoot', 'reids', 'MyBatis', 'AGV']"
基于Activiti工作流管理平台的研究,"['工作流', '业务流程', 'Activiti', '应用系统', '耦合度']"
基于SpringBoot的评价预警系统设计与实现,"['作业管理', '匿名互评', '智能预警', '教学辅助']"
前后端分离的校园闲置物品交易平台开发,"['闲置物品', '二手交易', 'Springboot', 'Vue.js', '前后端分离']"
基于Java的公务员备考微信小程序,"['公考', '多元化', 'SpringBoot', '效率', '兴趣']"
基于安卓系统的智慧公益平台研究与实现,"['Android', '后台', '志愿', '接口', '数据']"
基于SpringCloud微服务构架的局域网智能管理系统设计,"['局域网智能管理系统', 'SpringCloud', '微服务系统构架', 'Docker']"
物联网设备故障检测系统设计与实现,"['物联网设备', '故障检测', '故障反馈', 'SpringBoot', 'Redis', 'MongoDB']"
满文档案图像智能处理系统设计与实现,"['满文档案', '智能处理系统', '微服务', 'SpringBoot', 'SpringCloud']"
基于SpringBoot的高职院校校外实训基地管理系统设计与实现,"['校企合作', '信息化管理', '校外实训基地']"
基于Springboot和Vue框架的考试资源服务平台的设计与实现,"['考试信息共享服务平台', 'Vue', 'SpringBoot', 'Mysql']"
基于SpringBoot的线上商城平台设计,"['Java', 'Spring', 'SpringBoot', 'Vue', '商城']"
基于SpringBoot微服务架构下前后端分离的MVVM模型,"['SpringBoot', '微服务', '前后端分离', 'MVVM模型']"
基于SpringBootAdminLTE3的博客管理系统设计与实现,"['博客', 'SpringBoot', 'AdminLTE3']"
基于spring boot微服务架构的RS10系统管理,"['SpringBoot', 'IoC', 'AoP', 'ExtJS', 'RS10', '系统管理']"
装备制造业跨境电商平台设计及运营模式研究,"['装备制造业', '跨境电商', '互联网+', '“一带一路”', '振兴东北']"
中医住院病案首页诊疗信息质控系统设计与实现,"['中医病案首页', '质量控制', '诊疗信息', '数据校验']"
智能鱼类信息共享平台的构建,"['MongoDB', '鱼类信息', '共享平台', '人工智能']"
智慧楼宇管理系统的设计与实现,"['智慧楼宇', '管理系统', 'SpringBoot', '人工智能']"
基于SpringBoot和Vue框架的邯郸市现代农业园区信息管理系统的研发,"['农业园区', '农业信息化', 'B/S', 'SpringBoot框架', 'Vue框架', 'Mybatis-plus']"
学习能力分析评价系统设计与实现,"['在线学习', '能力导向', '评价', '软件工程', 'SpringBoot']"
基于MVVM框架的汽车销售管理系统设计与实现,"['汽车销售管理系统', 'MVVM框架', 'SpringBoot', 'Vue']"
智能烹饪小助手的设计与实现,"['微信小程序', '美食推荐平台', '图片识别', '菜谱管理', '小程序设计']"
基于SpringBoot框架与ITIL方法的运维管理系统的设计与实现,"['运维管理', 'ITIL', 'Spring Boot']"
基于SpringBoot的电力设备巡检系统的设计与实现,"['设备巡检', '信息系统', 'SpringBoot', '火电设备', '蓝牙定位']"
人脸识别智慧课堂管理系统,['nan']
基于SpringBoot的信保系统的分析与设计,"['信用保险', '保证保险', '投保']"
基于SpringBoot和Vue框架的数据库原理网站设计与实现,"['数据库原理', '网站', 'SpringBoot', 'Vue', 'SQL Server']"
基于Flutter的云笔记系统,"['云笔记', 'SpringBoot', 'Flutter', 'Dubbo']"
一种基于SpringBoot架构下的水质监测系统设计,"['水质监控', '微服务', '互联网监控', 'SpringBoot', 'MQTT', 'Vue']"
校园兼职平台的设计与实现,"['信息技术', '计算机系统', '数据库']"
基于SpringBoot的缺陷管理系统设计与实现,"['缺陷管理', 'SpringBoot', '系统设计', '软件测试']"
SpringBoot OPC客户端设计与研究,['nan']
基于SpringBoot的地方高校软件工程专业建设管理系统的设计与实现,"['SpringBoot', 'MyBatis-plus', '地方高校', '软件工程专业建设管理系统']"
SpringBoot项目中EhCache缓存技术的实现,"['SpringBoot项目', 'EhCache', '缓存技术']"
SpringBoot项目中EhCache缓存技术的实现,"['SpringBoot项目', 'EhCache', '缓存技术']"
毕业设计在线答辩系统设计与实现,"['在线答辩', 'Springboot', '毕业设计', '概念数据模型', '持久层框架', '分布式系统']"
基于SpringBoot的成绩排名系统,"['信息统计', 'Java', 'SpringBoot', 'Thymeleaf', 'My Batis']"
一种与课堂网络无关的高校考勤系统的设计与实现,"['VSTO', 'SpingBoot', 'Vue', '考勤']"
大学生DIY创意厨房系统的设计与实现,"['微信小程序', '前后端分离', 'SpringBoot']"
基于SpringBoot的智慧就业服务平台的设计与实现,"['计算机科学与技术', '就业服务', 'SpringBoot', 'SpringSecurity', 'Vue']"
基于SpringBoot的开放式软件开发案例教学平台设计,"['SpringBoot', '软件开发', '教学案例', 'Vue', '开放式']"
基于SpringbootVue的精准帮扶系统研究与实现,"['Spring', '帮扶系统', '数据可视化']"
基于GIS的景区应急救援系统,"['GIS', '应急救援', '系统设计']"
基于SpringBoot的Web快速开发框架,"['Web框架', '构件技术', 'SpringBoot框架', '博客系统']"
基于传感器的智能盆栽养护系统的设计和实现,"['迁移学习', '单片机', '传感器', '微信小程序', 'SpringBoot']"
基于SpringBoot的智慧变电站监测及诊断系统,"['智慧变电站', '状态监测', '诊断算法', 'SpringBoot']"
基于Springboot的高校智能排课系统的设计与实现,"['智能排课系统', 'Springboot', 'Vue', 'ElementUI', '可视化']"
高校IT技术论坛系统的设计与实现,"['IT技术论坛', '系统设计', 'Java开发', 'SpringBoot']"
基于spark技术的心脏病预测平台研究与设计,"['心脏病', 'spark', 'HDFS', 'Web服务器', 'SpringBoot', 'Mysql']"
基于Android的个性化旅游路线规划系统设计与实现,"['Android', 'SpringBoot', 'Mybatis', '个性化旅游', 'TSP']"
基于行为特征识别的大学生心理测试微信小程序设计与实现,"['行为识别', '心理测试', 'Springboot框架', '微信小程序']"
住院病案首页患者基本信息质控系统设计与实现,"['住院病案首页数据质量控制', '医院信息化', '数据校验', 'SpringBoot', 'SpringMVC', 'MyBatis', 'Shiro']"
基于SpringBoot微服务架构下前后端分离的MVVM模型浅析,"['SpringBoot技术', '微服务', '前后分离', 'MVVM模型', '数据驱动']"
基于微信小程序音乐短视频系统的设计与实现,"['微信小程序', '音乐短视频', 'SpringBoot']"
基于Android的校园快递配送系统的研究与设计,"['校园快递', 'Android', 'SpringBoot', 'Android Studio', '小程序']"
基于SpringBoot的高新技术企业创新能力评价平台设计与实现,"['高新技术企业', '信息化管理', 'SpringBoot']"
基于PBFT算法的区块链学历认证系统,"['区块链', '智能合约', 'SpringBoot', '拜占庭算法']"
基于JPlag与Springboot的代码查重云系统,"['云系统', '数据可视化', '代码查重']"
基于SpringBootVue框架的协同育才系统设计与开发,"['跨境电商', '管理系统', 'Spring Boot', 'Vue框架', '互动平台']"
基于JAVA的文字速录系统的设计与实现,"['文字速录', '比赛平台', 'SpringBoot']"
医院信息管理提升平台的设计与实现,"['医院管理', '信息化', 'SpringBoot']"
高校在线课堂微学习空间小程序设计与实现,"['微学习空间', 'Vue', 'SpringBoot', 'Mybatis']"
基于RESTful的网上商城的设计与实现,"['网上商城', 'RESTful', 'Web服务', 'SpringBoot']"
基于SpringBoot的房屋租赁系统的设计与实现,"['SpringBoot', '房屋租赁', 'B/S']"
基于SpringBoot的某教育企业幼儿在线教育系统的设计与开发,"['幼儿教育', 'MVC', 'SpringBoot框架', 'SpringDataJpa框架']"
手机地图用户反馈管理平台设计与实现,"['手机地图', '用户反馈', '自动分类', '数据预处理', '统计分析']"
基于微信小程序的校园导览系统的设计与实现以首都经济贸易大学为例,"['校园导览', '微信小程序', 'MINA', 'SpringBoot', 'Vue']"
基于前后端分离和Spring Security的用户登录功能的设计与实现,"['前后端分离', '用户登录', 'Vue.js', 'Spring Security', 'SpringBoot', 'Node.js']"
高职院校物料出入库管理系统的设计,"['高职', '物料管理', '出入库系统', 'SpringBoot Shiro']"
师生双选系统后端设计,"['师生双选', '数据库', 'SpringBoot', 'Lombok', 'MybatisPlus']"
基于SpringBoot的学生宿舍管理系统的设计与实现,"['Springboot', 'Mybatis', '数据库设计', '宿舍管理系统']"
高速公路机电项目物资采购管理系统设计与实现,"['物资采购', '项目管理', 'MyBatis', 'SpringBoot']"
高校云数据库平台的设计与实现,"['云计算', '云数据库', 'Kubernetes', 'SpringBoot']"
基于SpringBoot快速开发平台的实现,"['微服务', '快速开发平台', '软件研发', 'SpringBoot']"
虚拟仿真实验课堂教学管理系统的设计与实现,"['实验课堂', '教学管理', '前后端分离', 'Vue', 'SpringBoot']"
社区诊所管理云平台的设计与实现,"['诊所管理', 'Vue', 'SpringBoot', '区块链', '云平台']"
面向智慧校园的一卡通应用系统的设计与开发,"['微信小程序', '微信支付', 'SpringBoot', 'MySQL', 'C4.5分类算法']"
基于物联网的室内立体化绿植养护系统的设计与实现,"['室内绿化', '物联网', 'SpringBoot', '立体化种植架构', '绿植养护']"
面向中学化学虚拟仿真实验的课堂管理系统研究,"['实验课堂管理', 'Vue', 'SpringBoot', 'YOLOv4-CBAM']"
基于SpringCloud的绿植养护软件的设计与实现,"['物联网', '小程序', 'MQTT', '微服务', '分布式系统']"
小型企业绩效考核系统设计与实现,"['前后端分离', '绩效考核', 'Vue', 'SpringBoot', 'Mybatis']"
基于微服务的校园疫情防控系统的设计与实现,"['校园疫情防控', '微信小程序', '微服务', 'Vue.js', 'SpringBoot']"
基于SpringBoot的旅游平台构建,"['多样化旅游', '一体化出行服务', '酒店服务', '机票订票']"
大数据十大经典算法可视化实例教学系统研究与实现,"['大数据算法', '实例教学系统', 'SpringBoot', 'Vue', '可视化']"
基于Springboot的种猪管理系统开发与应用研究,"['Springboot框架', '种猪', '管理信息系统', 'Spring']"
基于联邦学习的COVID19 CT影像智能实时诊断系统的研究与实现,"['COVID-19', '智能化诊断', '3D CNN', '联邦学习', 'SpringBoot']"
基于SpringBoot和Vue的综合教学管理平台设计与实现,"['SpringBoot', '前后端分离开发', '教学管理', '微信小程序']"
基于微信小程序的实验室考勤管理系统的设计与实现,"['微信小程序', '考勤管理系统', '实验室', 'SpringBoot']"
基于门禁数据的校园安防管理系统的设计与实现,"['门禁数据', '校园安防', '异常检测', 'B/S架构']"
外卖会员系统的设计与实现,"['会员经济', '平台化', '微服务', '精准营销']"
基于Android的短视频制作分享平台的设计与实现,"['Android', 'SpringBoot', '短视频', '社交分享']"
基于特定场景的智能问答系统的设计与实现,"['特定场景', '智能问答系统', 'SpringBoot']"
基于舌头检测与舌象识别的中医智能诊断系统的设计与实现,"['智能化舌诊', 'Attention-YOLOv3', 'AdaBoost-CNN', 'Android', 'SpringBoot']"
跨境数据同步系统设计与实现,"['Springboot', '增量数据同步', 'MySQL binlog', '事件驱动', '缓存一致性']"
跨境数据同步系统设计与实现,"['Springboot', '增量数据同步', 'MySQL binlog', '事件驱动', '缓存一致性']"
基于知识图谱的学者信息聚合平台的设计与实现,"['学者知识图谱', 'Spark朴素贝叶斯分类器', '聚合查询平台']"
农业工程学科馆信息展示管理平台的设计与实现,"['农业工程', '智慧图书馆', 'Springboot框架', 'Bootstrap框架', 'Websocket协议']"
基于SpringBoot卷烟工厂空调监测预警系统的设计与实现,"['Spring Boot', 'B/S', '监测系统']"
基于大数据的比特币交易信息系统的设计与实现,"['比特币', '去匿名化', '数据分析', '信息系统']"
基于设备故障预测的智慧维修系统的设计与实现,"['故障诊断', '故障预测', '智慧维修', 'SpringBoot']"
医后案例跟踪与分享平台的设计与实现,"['微服务架构', '医疗案例', '系统高可用']"
高并发下购物平台系统的设计与实现,"['分布式平', '高并', '负载均衡', 'Redis缓存']"
基于物联网的智慧化工园区系统的设计与实现,"['智慧化工园区', '物联网', '传感器', 'SpringBoot', 'Mqtt']"
南昌市地铁热线系统的设计与实现,"['地铁热线', '客服', 'SpringBoot', 'MySQL']"
基于小程序的英语选课平台的研究与实现,"['选课系统', '微信小程序', 'Java Web', 'SpringBoot', 'Redis', 'SQL Server']"
基于SNMP的网络监测系统的设计与实现,"['MIB', 'SNMP', '网络监测']"
基于知识图谱的中文图书问答系统的设计与实现,"['知识图谱', '问答系统', 'ELECTRA', '语言模型']"
办公楼公共空间预定管理系统的设计与实现,"['空间预定', 'SpringBoot', 'Kafka', 'Dubbo', '多平台']"
市场监督管理平台中非公党建子系统的设计与实现,"['非公党建', '全景图', 'web开发', 'Vue.js', 'SpringBoot']"
基于BS结构的云通信管理平台的设计与实现,"['云通信', 'B/S结构', 'MVVM', '运营管理平台']"
基于Springboot的特大型水轮机调速器状态监测系统开发,"['特大型水轮机调速器', '状态监测系统', '数据分析', 'Modbus/TCP', '数据库', 'InfluxDB', 'Springboot']"
在线心理健康评测数据分析系统的设计与实现,"['数据分析', '心理测评', 'SpringBoot', 'Vue', 'Apriori']"
职业测评平台的设计与实现,"['职业测评', '多租户', 'SpringCloud', 'SpringBoot', 'Vue']"
慢性疾病管理系统的设计与实现,"['慢性疾病', '随机森林', 'MVC', 'SpringBoot']"
地质勘察信息化监管系统的设计与实现,"['地质勘察', '基金项目', 'SpringBoot', 'SpringCloud', '微服务']"
连锁型培训机构总部管理平台的设计与实现,"['连锁型培训机构', '资源管理平台', 'SpringBoot', 'Vue.js']"
互联网医院系统的自动化运维技术关键技术研究,"['自动化运维', '微服务', '分布式系统']"
资产处置类合同的辅助审核系统的设计与实现,"['合同审核', '合同对比', '合同要素抽取', '文本处理', '辅助系统']"
基于Spring Boot的代码自动生成系统设计的分析,"['SpringBoot', '代码', 'Shiro安全框架', '登录注册模块']"
CircleChat基于SpringBoot和UniApp框架的圈聊平台的设计与实现,"['圈聊平台', 'SpringBoot框架', 'Uni-App框架', 'WebSocket协议', '圈管理']"
机电设备全生命周期维护保养系统的设计与实现,"['设备管理', '数据可视化', '前后端分离', 'SpringBoot', 'Vue.js']"
防汛抗旱态势分析系统的设计与实现,"['防汛抗旱', '实时监测预警', 'SpringBoot', 'Dubbo']"
基于Spring Boot和Vue框架的高校实验室耗材管理系统的分析与设计,"['SpringBoot', 'Vue', '实验室耗材', '管理系统']"
基于SpringBoot的校园二手商品交易系统的设计与实现,"['校园二手商品', '性能优化', 'MySQL', 'Bootstrap', 'SpringBoot']"
基于SpringBoot的医院门诊管理信息系统的设计与实现,"['门诊信息管理', '信息共享', 'B/S架构', 'SpringBoot']"
高校运动会智能管理系统的设计与实现,"['高校运动会', '数据库', 'Java EE', '分布式', '小程序']"
基于前后端分离架构的高校教职工廉洁档案管理系统的设计与实现,"['廉洁档案', 'B/S架构', '前后端分离', '微服务']"
基于Spark的商户推荐系统的设计与实现,"['商户推荐', 'Spark', 'SpringBoot', '推荐系统', '协同过滤', '隐语义模型']"
基于人体关键点检测的体育运动视频分析系统,"['体育运动视频分析', '人体关键点检测', 'OpenPose', 'SpringBoot']"
建筑节能设计基础参数共享平台实现和部署,"['VUE', '建筑节能', '前后端分离', 'SpringBoot']"
基于Java的高等教育国际化调查数据处理系统,"['Java', 'SSM框架', 'Vue', 'MySQL', 'Redis', 'Shiro']"
基于SpringBoot和Vue框架的高校代领系统设计与实现,"['高校代领', 'Spring Boot', 'Vue', 'MySQL']"
基于SpringBoot的自助洗车店运营系统设计,"['Java Web', 'SpringBoot', 'MyBatis', '自助洗车', '信息管理']"
基于SpringBoot的综测可视化管理系统的研究与设计,"['综测评分', '学习表现', '专业技能', '创造能力']"
基于SpringBootMybatis的个人博客系统设计与实现,"['个人博客', 'SpringBoot', 'Mybatis', 'Thymeleaf']"
中科大研究生信息平台拓展模块设计,"['信息平台', 'ASP', 'SpringBoot', 'Redis缓存', 'SQL Server']"
基于SpringBoot的教学资源平台设计与实现,"['Spring Boot框架', '教学资源', 'UEditor编辑器', '教材生成', '文本高亮']"
基于Vue和SpringBoot框架的流域监管平台的研究和应用,"['流域监管', 'Vue', 'SpringBoot']"
基于Springboot的博客管理系统设计与实现,"['Springboot', '博客', '网站']"
重庆市癌症筛查管理系统的设计与实现,"['癌症筛查', 'B/S', '管理系统', 'SpringBoot']"
智能仪器设备管理系统的设计与实现,"['仪器设备', '智能管理', 'SpringBoot', 'Mqtt']"
基于SpringBoot的某综合训练平台成绩分析与预测系统设计与实现,"['数据分析', '数据可视化', 'SpringBoot', '多元线性回归', '成绩预测']"
基于Elasticsearch的高校无线网日志分析,"['日志分析', 'ELK', 'Elasticsearch', 'Springboot']"
基于WEB的供应链采购管理系统的设计与实现,"['供应链', '采购', 'vue', 'Springboot', 'MyBatis-plus']"
水利黄河工会综合信息管理系统的设计与实现,"['“互联网+”', 'SpringBoot', 'BeetlSQL', 'fsLayui']"
联通校园系统的设计与实现,"['Android', 'SpringBoot', 'Vue', '教育资源共享', '系统设计']"
基于SSM的高校食堂就餐系统设计以四川大学锦城学院为例,"['SpringBoot', '食堂管理', 'Vue']"
办公流程管理系统的设计与实现,"['流程管理', 'B/S系统', '办公系统']"
基于SpringBoot技术的行波管设计文件管理系统的设计与实现,"['行波管', '文件管理', 'SpringBoot技术', 'UML建模']"
在线学习交流平台的设计与实现,"['在线学习', 'SpringBoot', 'Html', 'Nginx', 'WebSocket']"
基于知识图谱的西藏旅游公共服务平台研究与实现,"['知识图谱', '西藏旅游', 'Neo4j', 'SpringBoot', '公共服务平台', 'ALBERT']"
电力作业无人机机队运行管理系统研究,"['无人机', '运行管理', 'Vue', 'SpringBoot']"
基于SpringBoot技术的综测N服务管理系统设计与实现,"['综测评分', 'SpringBoot', 'MyBatisPlus', 'Layui框架']"
电信运维容量分析系统的设计与实现,"['智能运维', '容量分析', 'Hadoop', 'MapReduce', 'SpringBoot', 'Hdfs']"
电信运维容量分析系统的设计与实现,"['智能运维', '容量分析', 'Hadoop', 'MapReduce', 'SpringBoot', 'Hdfs']"
基于SpringBoot的大数据日志分析系统的设计与实现,"['SpringBoot框架', 'Flink框架', 'APP用户行为日志分析']"
宁夏联通创新业务项目管理系统设计与实现,"['项目管理', 'B/S架构', '中台']"
基于SpringBoot技术的M公司厨电产品质量管理系统的设计与实现,"['厨电产品', '质量管理', 'SpringBoot技术', 'UML建模']"
行业数据展示平台的设计与实现,"['行业信息', '数据整合', '相关性分析']"
餐厅服务机器人交互系统的设计与实现,"['服务机器人', '人机交互', 'WebApp', 'SpringBoot', 'MySql']"
面向服装工厂的高级计划排程算法优化及实现技术研究,"['高级计划排程', '遗传算法', '柔性作业调度', 'springboot']"
基于SpringBoot和Vue框架的刹车片工厂流程再造系统的设计与实现,"['刹车片工厂', '流程再造', '配方系统', '数据可视化', 'SpringBoot', 'Vue']"
电信企业客服知识库平台的设计与实现,"['知识库', '智能检索', '系统分析与设计', '系统架构']"
基于Flutter和SpringBoot的多平台会议室管理系统,"['综合课程设计', 'Web开发', 'Flutter', 'SpringBoot', '核心技术']"
银行项目库管理系统的设计与实现,"['项目库管理系统', 'Spring Security', 'SpringBoot', 'MySQL']"
基于SpringBoot的高校课程知识库的设计与实现,"['自主学习', '知识库', 'SpringBoot', '问题关键字']"
基于SpringBoot的古村落科普平台的设计与实现,"['SpringBoot', '古村落', '文化传承', '科普平台']"
基于Spring和MyBatis框架的阅读网站的设计与实现,"['Spring', 'MyBatis', '阅读网站', '书籍']"
水质监测系统信息化研究初探,"['水质', '监测系统', '预警']"
基于SpringBoot与Vue技术的企业电商平台的设计与实现,"['SpringBoot', 'Vue. js', '企业电商平台', '电子商务']"
Springboot最小系统的设计与实现,"['Java', 'Springboot', 'Mybatis', 'SpringSecurity', 'Json']"
智慧水务管理中漏水定位监测系统的设计与实现,"['漏水定位', '独立计量分区(DMA)', '水力模型', '漏损监测', '聚类分析', 'SpringBoot']"
基于SpringBoot的旅游资源管理网站的设计与实现,"['SpringBoot', '旅游网站', 'Thymeleaf', 'Mybatis']"
基于大数据分析的新疆智慧旅游网站的设计与实现,"['旅游', 'SSM', 'SpringBoot', 'Jsp', 'MySQL']"
基于SpringBoot的质检综合信息管理系统的开发实现,"['质检综合信息管理', 'SpringBoot', 'B/S', '权限管控', '数据库']"
编织网格模型处理及管理系统研究,"['Java', 'SpringBoot', 'MySQL', '文件管理']"
基于轻量级框架SpringBoot的家教APP设计与实现,"['Android', '家教APP', 'SpringBoot', '轻量级框架']"
基于SpringBoot的分布式光伏发电管理系统,"['SpringBoot', '分布式光伏发电', '管理系统', '数据采集分析', 'Netty']"
基于Yii2sb2文件加解密管理系统的设计与实现,"['Yii2', 'springboot2', '文件加解密', '文件管理系统']"
县域义务教育优质均衡发展系统设计与实现,"['义务教育', '优质均衡', 'SpringBoot']"
大服务设计与运行平台门户系统的设计与实现,"['门户系统', 'B/S架构', 'vue. js', 'springboot']"
基于SparkStreaming的实时路桥检测系统的设计与实现,"['SparkStreaming', '路桥检测', '大数据', 'SpringBoot']"
基于增强现实的互动广告系统实现,"['广告', 'springboot', '增强现实', 'ar.js']"
安全用电智能监控系统设计,"['SpringBoot', '安全用电', '数据管理']"
基于SpringBoot的作业管理系统设计与开发,"['SpringBoot架构', 'B/S结构', '作业管理系统', 'SSM框架']"
面向线上支付平台的分布式微服务架构研究,"['JAVA', 'SpringBoot', '分布式', '微服务', '支付']"
气象数据服务系统初步设计与方法研究,"['数据服务', '气象资料', 'SpringBoot']"
基于SpringBoot 20的医德医风管理系统设计与应用,"['医德医风系统', 'SpringBoot 2.0技术', '考核']"
基于Android前端和Springboot后台的检测进度管理软件的设计与实现,"['检测进度管理', 'LIMS对接', 'Android', 'Springboot']"
基于Springboot框架的学校机房计费管理系统的设计与实现,"['Web系统', 'Springboot框架', '计费管理']"
基于Spring的平安校园系统的设计与实现,"['平安校园', 'SpringBoot', '图像处理', '安全台帐管理']"
旅客智能行程推荐系统的设计与实现,"['智能行程推荐', 'SpringBoot', '微信小程序', 'MySQL']"
基于SSMSpringBoot技术实现服务器监控的研究,"['SMS', '分布式', '轻量级', '跨平台', '易用性']"
基于Spring Security认证与授权的Web应用与实现,"['Spring Security组件', 'SpringBoot框架', 'SSM架构', '功能实现']"
基于Vue和SpringBoot的机场气象信息系统设计与实现,"['Vue', 'SpringBoot', '机场', '气象']"
一个数据需求管理系统的设计与实现,"['数据需求', '模块化', 'SpringBoot', '软件测试']"
电影推荐与点评系统的设计与实现,"['点评类网站', '个性化推荐', '协同过滤', '大数据处理']"
黄河流域水沙数据库应用管理系统设计与开发,"['黄河流域', '水沙数据库', 'Vue', 'SpringBoot', 'Oracle']"
基于宠物交配平台模式运行可行性研究,"['宠物', '平台模式', '可行性研究']"
基于电商的食品溯源及推荐平台的设计与实现,"['食品安全', '食品溯源', '智能推荐', 'SpringBoot', 'Layui']"
基于微服务架构的证券期货行业数据模型管理平台的设计和实现,"['微服务', 'SpringCloud', '证券期货', '数据治理', '数据模型']"
基于物联网技术的工程机械服务管理平台的设计与实现,"['物联网', '工程机械', '服务管理平台', '远程监控']"
基于SpringBoot的成绩可视化系统设计与实现,"['互联网', '可视化', '雨课堂']"
基于VueSpringBoot的分类学科竞赛管理系统设计,"['学科竞赛管理系统', '前后端分离架构', 'Vue', 'SpringBoot']"
Web项目基于前后端分离模式的设计与应用,"['Web', '前后端分离模式', 'SpringBoot', 'Vue.js']"
基于SpringBoot的小型日常交流论坛的设计与实现,"['SpringBoot', 'Bootstrap', '交流论坛']"
基于SpringBoot的在线招聘网站的设计与实现,"['求职招聘', 'SpringBoot', 'Mybatis', 'vue', '在线招聘系统', '系统设计']"
面向互联网公司的软件研发全流程管理平台设计与实现,"['敏捷开发', '生命周期管理', '研发效能']"
通用信息获取系统设计与实现,"['物料搬运装备', 'SpringBoot', '信息获取', 'B/S架构', 'Docker']"
基于物联网架构的智能变电站数据管理系统设计,"['物联网', '智能变电站', '电力数据', '管理系统', '自动化运维', '系统设计']"
基于SpringBootMongoDB的微服务日志系统的实现,"['微服务', '日志数据', '查询', 'SpringBoot', '处理', 'MongoDB']"
基于SpringBootSSM框架的进销存管理系统设计与实现,"['进销存系统', 'Spring Boot', 'SSM框架']"
一种内外网数据交互系统的设计与实现,"['WebSocket', '内外网数据交互', 'SpringBoot']"
智慧医疗服务平台后端服务模块的设计与实现,"['智慧医疗', '微服务', 'SpringCloud', 'SpringBoot']"
数据可视化图表网站系统的设计与实现,"['图表网站系统', '可视化图表', 'SpringBoot', 'Hive', 'mqtt', 'React']"
基于SpringBoot的毕业论文管理系统设计和开发,"['毕业论文', '数字信息化', 'SpringBoot']"
在线评审系统的设计与实现,"['在线评审系统', 'SpringBoot', 'VUE', 'MySQL']"
基于微服务的预付卡系统的研究与设计,"['微服务', '预付卡', 'springcloud', 'springboot']"
基于SpringBoot的高校学习社区的设计与实现,"['学习社区', 'SpringBoot', 'Bootstrap', 'JQuery']"
Research and Development of Movie Recommendation System Based on Hybrid Recommendation Algorithm,"['电影推荐系统', '协同过滤算法', '混合推荐', 'Springboot']"
某银行保证金后台管理系统的设计与实现,"['保证金管理', '后台管理系统', 'SpringBoot', 'Mybatis', 'Maven']"
基于微服务的水电站手机端监测系统的开发与研究,"['水电站', '远程监测', 'SpringBoot', '手机APP', '微服务架构']"
基于NBIoT的光交箱管理平台的研究与实现,"['光交箱', 'NB-IoT', '物联网平台', 'SpringBoot']"
应用SpringBoot的食堂订餐管理系统设计,"['订餐系统', '效率', 'SpringBoot']"
基于SpringBootMyBatis框架的高校人事信息发布系统设计与实现,"['高校人事信息管理', 'B/S模式', 'SpringBoot+MyBatis', 'Java EE框架']"
在线学习过程管理系统软件设计与实现,"['在线学习', 'SCORM', '过程管理', 'SpringBoot']"
基于微服务和微信小程序的门户系统设计,"['SpringBoot', '微信小程序', 'Bootstrap', '数学建模']"
互联网生态站后台管理系统的设计与实现,"['智慧生态站', '数据融合', '离线分析', '数据推送']"
基于SpringBoot的WIAPA测试软件设计及优化,"['WIA-PA', 'TCP', 'SpringBoot', 'APFD', '测试软件']"
基于SpringBoot和Vue框架的共享运营管理平台的设计与实现,"['共享运营', '物联网云平台', '分布式系统', 'SpringBoot', '网络攻击']"
基于Web的医学影像管理与分析系统,"['B/S', '卷积神经网络', '医学影像管理', '真菌性角膜炎', '计算机辅助诊断']"
基于物联网云平台的智慧管廊信息系统后台的设计与实现,"['智慧管廊', '信息化管理', '物联网', '后台开发', '日志管理']"
基于云服务的滚动轴承在线监测与诊断系统设计,"['故障诊断', '云服务', 'SpringBoot框架', '故障告警']"
农业物流信息平台系统设计,"['农业物流信息', '农业运输', '供需匹配', 'SpringBoot']"
基于混合执行的人工智能二进制程序漏洞挖掘技术的设计与实现,"['人工智能', '混合执行', '漏洞挖掘', '图片渲染', '精度异常']"
基于微服务的电子布告栏系统设计与实现,"['微服务', '香蕉派BPI-M2', 'SpringBoot', '数据可视化分析']"
面向智慧旅游小镇的移动终端系统的设计与实现,"['智慧小镇', '旅游', '小程序', 'SpringBoot', '数据库']"
油气管道智慧预警系统的设计与实现,"['Vue', 'SpringBoot', '智能化', '可视化']"
基于RFID的农产品配送监测系统的设计与实现,"['物联网', '农产品配送', '实时监测', 'RFID技术', 'SpringBoot']"
基于WebGL与WebSocket的船舶操纵训练环境仿真,"['航海仿真', '船舶操纵', 'WebGL技术', 'WebSocket协议']"
基于微信的小区管理系统,"['小区管理', 'SpringBoot', '前后端分离', '微信平台']"
基于微信平台的4S店智能管理系统的设计与实现,"['微信服务号', '汽车4S店', '预约服务', '后台管理', '车牌识别']"
网约车行程安全保障系统的设计与实现,"['网约车', '行程安全', 'Springboot', 'Hive', 'XGBoost']"
办公网主机监控系统的设计与实现,"['办公网', 'Springboot', '计算机监控']"
基于SpringBoot的银行二维码交易处理系统设计与实现,"['二维码支付', '交易处理系统', 'SpringBoot框架', '分布式']"
经络健康调理系统的研究与设计,"['移动医疗', '中医经络', '智能设备', 'SpringBoot']"
基于改进YOLOv3模型的姿态识别系统设计与实现,"['YOLOv3', '姿态识别', '视频监控系统', 'Springboot框架', 'Vue框架']"
基于SpringBoot的EAST实验数据存储监控系统,"['MDSplus', '监控', '数据存储', '数据处理', 'SpringBoot']"
法院电子卷宗标注系统的设计与实现,"['电子卷宗', '自动标注', 'SpringBoot', 'MyBatis', 'OCR']"
基于切片覆盖过滤的测试代码推荐系统的设计与实现,"['软件测试', '程序切片', '测试覆盖', '代码推荐']"
学能综合评估及培训系统的设计与实现,"['学能评估', '线上学能培训', '线下学能培训', 'SpringBoot']"
法院导诉系统的设计与实现,"['法院导诉', '前后端分离', '组件化', 'Vue', 'SpringBoot']"
法院智能云柜管理系统的设计与实现,"['智能云柜', '自动分配', '嵌入式系统', 'SpringBoot', 'Kafka集群']"
具备开发功能的建筑设备管理组态软件的设计与实现,"['建筑管理', '开发功能', '组态软件']"
Web应用自动化测试系统分析服务的设计与实现,"['Web应用测试', '自动化测试', '测试分析', '缺陷评估']"
一站式机器学习平台的研究与实现,"['一站式机器学习', '平台化', 'SpringBoot', '可视化建模']"
企业内部管理系统的设计与实现,"['企业人事管理', 'Activiti', 'SpringBoot', 'MySq1', '审批']"
面向分布式数据库的Insight监控系统的设计与实现,"['分布式数据库', '监控系统', 'SpringBoot', 'Elastic Search', 'Kafka']"
EAST实验数据存储监控系统设计与实现,"['EAST数据存储', 'MDSplus', '实时', '数据处理', 'SpringBoot']"
基于SpringBoot与Vue框架的中文社科论文分析系统的设计与实现,"['社科论文分析', 'Citation-LDA', 'BERT模型', '主题流变与发展']"
科技项目资源池系统的设计与实现,"['科技项目', '文本结构分析', '属性抽取', 'SpringBoot']"
基于Springboot的校园网故障管理系统的实现,"['Springboot', '故障管理', 'SNMP']"
基于SpringBoot的项目信息管理系统的设计与实现,"['项目管理系统', 'SpringBootMaven', 'Thymeleaf', 'B/S架构']"
案件数据质量监控订正系统的设计与实现,"['数据质量', '订正', '爬虫', 'SpringBoot', 'ElasticSearch']"
基于Spring Boot的运动场馆服务平台的设计与实现,"['运动场馆', 'SpringBoot', '协同过滤推荐', '体育资源利用率提升']"
基于微服务架构的社会化应急资源数据汇聚平台的设计与实现,"['应急管理', '数据汇聚', '微服务', '突发事件']"
基于物联网技术的水表系统设计,"['智能水表', 'NB-Iot', 'SpringBoot', 'OneNET云平台']"
基于SpringBoot的高校毕业生离校系统设计与实现,"['学生离校', '微服务', '信息化', '智慧校园']"
建筑节能设计基础参数共享平台的设计与实现,"['SpringBoot', 'VUE', '建筑节能', '气候设计', '数据共享平台', '功能测试']"
一种智能车站的消息总线研究与设计,"['智能车站', '微服务', '数据共享', 'SpringBoot', 'Kafka']"
基于SpringBoot的矿山恢复治理矢量图斑属性确认系统研究,"['遥感监测', '恢复治理成果数据', '矢量图斑', '属性确认']"
行政信息公开案件智能辅助审理系统的设计与实现,"['信息公开', '智能编目', '要素抽取', '案件审查', 'SpringBoot']"
基于SpringBoot框架的中长期水文预报系统设计与开发,"['中长期水文预报', 'SpringBoot框架', 'Python模型库', '业务化运行']"
检验检测平台业务系统的设计与实现,"['检验检测平台', '业务系统', 'SpringBoot', 'MyBatis', 'OSS']"
基于Activiti的创业担保贷款协同审批系统的设计与实现,"['Activiti流程引擎', '创业担保贷款', '工作流', 'MVC模式', 'SpringBoot框架']"
临夏智慧园区数字信息管理平台的设计与实现,"['智慧园区', '经营预测', 'SpringBoot', 'Tornado', 'XGBoost', 'ARIMA']"
基于SpringBoot的下沉市场交易平台的设计与实现,"['下沉市场', 'SpringBoot', 'Web商城', '负载均衡', '读写分离']"
煤矿风险预警与防控平台中心端的设计与实现,"['风险预警', '煤矿风险', 'SpringBoot', '煤矿安全']"
地级市干部任免系统设计与实现,"['Vue', 'Springboot', 'MyBatis', 'Shiro', '干部任免']"
智能生产与仓储管理系统程序设计与实现,"['无源UHF RFID', 'SpringBoot', '地埋天线定位', '生产与仓储管理', '智能']"
无人机巡线管理系统的设计与实现,"['石油管线', '无人机巡检', 'SpringBoot', 'OpenCV', 'YOLOv5']"
建筑公司项目管理系统的设计与实现,"['建筑信息化', '建筑企业', '项目管理', 'Vue', 'SpringBoot']"
基于微服务架构的铁路货运基础字典统一运维应用系统的设计与实现,"['铁路货运', '统一运维', '微服务', 'SpringBoot']"
工程机械综合信息管理系统的设计与实现,"['物联网', '远程管理系统', 'B/S架构', 'SpringBoot', '数据库设计']"
基于安防受控箱的定位监控平台的设计,"['车辆管理', '物联网', 'SpringBoot', '可视化']"
基于SpringBoot的短信服务的设计与实现,"['阿里云', '微服务', '监控', '报警', '短信']"
基于SpringBoot技术的M公司协同办公平台的设计与实现,"['协同办公', '流程管理', 'SpringBoot技术', 'MySQL数据库']"
路桥维护管理系统的设计与实现,"['道路与桥梁', '巡检养护', '技术评估', 'WebGIS', 'Vue.js']"
基于BS架构的计量送检管理平台设计与实现,"['信息化', '计量检定', 'B/S架构', '管理系统', 'Springboot MVC']"
基于SpringBoot和Vue框架的教代会提案系统的设计与实现,"['教代会', '提案系统', 'SpringBoot', 'Vue']"
成长守护系统管理端的设计与实现,"['手机依赖', 'SpringBoot', 'Redis', '地理围栏', '消息推送']"
VueSpringbootMyBatis技术应用解析,"['Vue', 'springboot', 'mybatis', 'axios', '切面技术']"
高校移动图书管理系统的设计与实现,"['HTML5', 'WebSocket', 'SpringBoot', 'Redis', '移动应用']"
SpringBoot集成Redis缓存技术在企业一卡通系统中的应用,"['Spring Boot', '一卡通', '缓存技术', 'Redis Cache Queue', '上传下发', '数据同步']"
基于SpringBoot框架应用开发技术的分析与研究,"['SpringBoot', 'Java EE开发体系', '框架', '架构设计']"
高陂水利枢纽工程水雨情服务系统构建与应用,"['计算机技术与应用', 'WebGIS技术', '高陂水利枢纽工程', '气象水文']"
基于SpringBoot的校园文章发布系统设计与实现,"['校园文章发布平台', 'SpringBoot', 'Maven', '分层设计']"
基于微信小程序的微型咨讯系统的设计和实现,"['微信小程序', 'node.js', 'springboot', '微型咨讯']"
基于Springboot的博客网站的设计与实现,"['Springboot', '博客网站', '设计']"
基于Spring Boot的博客系统的设计与实现,"['博客系统', 'B/S模式', 'Spring Boot', 'Hibernate']"
Mybatis逆向工程功能扩展实现,"['Mybatis-generator工程', '逆向工程扩展', 'Springboot MVC框架', 'Springboot项目']"
基于BS架构的母婴商城设计与实现,"['电子商务', '微服务', 'SpringBoot']"
即时通讯系统的设计与实现,"['Netty', '即时通讯', '混合开发', 'MUI']"
基于Activiti和微信公众平台的流程管理系统的设计与实现,"['Activiti', '微信公众平台', 'SpringBoot']"
外汇资金流动性管理系统的设计与实现,"['流动性台账管理', '账户行流动性管理', '资金来源运用管理', 'B/S', 'SpringBoot']"
基于SpringBootSSM框架的Web应用系统搭建与实现,"['SpringBoot框架', 'SSM框架', 'Web应用系统', '功能实现']"
基于SpringBoot的年度考核投票系统的研究与实现,"['架构设计', '系统管理', '数据库', 'Java', 'SpringBoot']"
在线报修系统的设计与实现,"['在线报修系统', 'SpringBoot', 'Angular技术', 'Android', 'MYSQL']"
基于springboot的智能管道检测机器人软件设计,"['功能设计', '技术架构', '试验效果']"
基于SpringBootShiro的权限管理实现,"['Shiro框架', 'SpringBoot框架', '权限管理']"
基于SpringBoot的旧物回收商城的设计与实现,"['SpringBoot', 'MyBatis', 'MySQL', '网上商城', '废品回收']"
知识付费运营管理系统设计与实现,"['知识付费系统', '运营管理系统', '微信小程序']"
基于SpringBoot框架对P2P借贷平台的设计与实现,"['P2P借贷系统', 'B/S体系结构', 'Spring Boot框架', '时序图']"
基于Netty的水质监测系统的设计与实现,"['水质监测系统', '分包粘包', 'Netty', 'SpringBoot', 'Redis', 'WebSocket', 'Nginx']"
